1,1,"199200北京师大.0000110038012010
精美服装公司：
    我是奥地利人，名叫×××，今年二十四岁。我在奥地利高中毕业以后开始上大学，在维也纳大学学习汉语。学了三年以后[C]我来中国{CD为}留学，以{CC而}提高我的汉语水平。
    我在奥地利上的高中[BQ，]除了一般的课以外还有专门的经济课和做[B作]服装{CQ的}课。那时候我们同学每个月举办一次{CC种}晚会[BQ，]请亲友来[BQ，]给他们看我们做的服装。我们就自己当模特。{CP因为我很喜欢当模特[BQ，]而自己的条件较好（我身高1.81米，相貌端正）所以以后上大学时临时也继续当模特（在维也纳有名的服装公司[BD。][BQ）]P}
    我来中国留学{CQ的}主要目的虽然是学汉语，但也是{WWJ}

                                                                                          (102Y)(155J)
"
1,2,"199312北语.000140123801704
李文同志：[BC，]
您好！我写{CD的}这封信是{CQ因为}看到{CC答应}您的招工广告。我特别对那个男导游职位很有兴趣。让我自我介绍[B招]。我的名字是×××，一位男性的大学毕业生。我年龄[L] 是二十五岁。我曾经是北京大学[BD、]文科系的学生。
  上学的时候，我也参加了许许多多学习方面外的活动。因此，我的社会交往经验比较多，相当熟悉人和人之间的交往方式。
  而且我学英语学了好几年，现在的水平相当不错。我的普通话是很标准的，而且，我也自学过粤语，现在说粤语说得比较流利。
  我对导游那个职位很感兴趣。我相信能为{CC替}贵公司带来{CC2给}很大的帮助。
  我的学历是很好的，相貌也很端正。我也很认真地工作，也很老实。希望能在贵公司工作。我的联系电话是20175转127
                                      此致敬礼
                                         
                                                                                93.12.20

  
                                                        （132H）(153Z) "
1,3,"199412北语.0001201048012642
                               Title  记对我影响最大的一个人
    对我本人来说，我的“爸爸”是对我影响最大的一个人。
    他的爱、教法、支持、和生活上{CQ的}种种事情{CC4等等}都影响我的思想。
    他一生都为我们四个孩子{CD来}活着，努力工作，提供{CC建成}了一个有吃有穿的家。
    从小他支持我们学习，尤其{CC由于}汉语，他说：“我们是中国人，要会汉语[BQ。]”[BD。]所以请了老师来家里教我[C]们。
    在艺术{CC文学}{CJ-zxy方面}[BQ，]他也支持我们学音乐，{CQ让}我也学弹琴[BQ。]他自己也常常带我去看画展。
    我{CD的}爸{CD是}很爱帮人，对社会也做{CC作}了很多好事。他常常帮助人。
    他的一生{CC2一生活}对我{CJ-sy产生}很大的影响，到了中国就回到他的  祖国{CC国家}，因为爸爸也是从中国去的。他的伟大{CC2大}{CQ的}爱留{CC住}在我心里。
    他是我最伟大的爸爸。{CQ爸爸}我爱你啊！

                                                                                                                                   (148L)(152L)
            "
1,4,"1994120001211048011137
                             Title  记对我影响最大的一个人
    一个人的一生就必然地被很多人影响{CD的}。可是，我认为给了我最大影响的一个人就是我上大学时的一位讲师。那位讲师是个博士；他是一位澳大利亚籍华人。他姓陈。
    我选了政治学专业后，陈博士就是我的主要讲师之一。为什么他对我有那么大的影响呢？我认为是因为我刚上大学的时候，我的知识{CD是}非常浅薄。而且，我的学习方法并不科学{CC客观}，总是囫囵吞枣{CQ地}{CJ-sy解决}一切摆在我{CQ面}前的资料。
    我认为陈博士在吸收[B受]新知识{CD的}方面给了我很大的影响{CC印象}。他的教法帮{CD了}我丢掉我的错{CQ的}学习方式。他{CQ的}教法{CD的}有什么特点呢？他{CQ的}教法主要的特点就是要坚持保持一种客观的研究、学习方[B去]法。不管其他{CD的}有名[B明]{CQ的}学者怎么认为，不管被认为{CC认识}是{CQ多么}“好”的书上写了什么，如果你认为{CC认识}他们的看法不对，他们写的和说的不符合现实，那么你有一定的责任反驳他们。并且，你有一定的责任寻找什么是对的，什么是客观的。
    陈博士在这方面给了我很大的影响{CC印象}。我现在已经毕业了。我毕业后在中国学习了一年，[BC、]回澳大利亚去工作了一年。后来，今年二月初，我又回{CD了}北京来继续学习。我现在学习的是中文，我下个学期开始研究中国的少数民族。
    陈博士给我留{CC离}{CQ下}的影响{CC印象}在我{CD所}学习的时候{CD中}给我带来了很大的帮助。在日常生活中，他的影响{CC印象}也帮{CD了}我保持一种客观的看法。就是因为在我生活中，陈博士的影响{CC印象}是极其{CC极端}重要，所以我认为他是对我有{CD了}最大影响的一个人。

                                                                                                                               (148L)(152L)"
1,5,"199505北语.0002721048011281
       Title  记对我影[C]响最大的一个人
    {CD记}对我影[C]响最大的一个人是我的亚婆[C]。我称[C]呼[B乎]她[C]亚婆[C]因为那是广东人叫母[C]亲的母[C]亲的叫法{CC说法}。我们是广东人，亚婆[C]是广东[C]省中[C]山市人。尽管我[C]和我[C]哥哥、妹妹在澳大利亚出生[BQ，]但是我们会[C]点广东话。如果不会[C]广东话的话，那么不会[C]和亚婆[C]聊[C]天。
    亚婆[C]在澳大利己经二十多年了。我[C]还[C]记得很清楚她来到悉[C]尼的[C]前夕。当时我们很忙[BQ，]{CQ为}准备亚婆的到来。自[C]从我[C]母[C]亲[C]离开香港至那时{CC今[C]}[BQ，]她和亚婆[C]没[C]有见[C]过{CC了}面。对于一对[C]母[C]女[BQ，]这[C]肯定是够[C]难受了。{CP因此我[C]的母[C]亲特别着急[C]，走来走去，整理这[C]个收[C]拾[C]那个，其[C]实我觉得她有点不对劲。P}第二天亚婆[C]终于来了，全家都高[C]兴[C]得不得了。
    亚婆[C]是一个独特的老[C]太太。她很善良、[BC，]友好、[BC，]热情，周围的[C]人都爱她[C]。亚婆[C]很有规[C]律[B距[C]]，天天早上六[C]点起[C]床去外面扫地，扫[C]夜里[C]落[C]下来的叶[C]子，然后进屋{CC房}和我们吃早[C]饭。她很[C]喜欢吃[C]新鲜面包和喝咖啡。白天她忙着在她的[C]小菜[C]园工作。
    自[C]从她来到我们家一直到现[C]在[BQ，]我很喜欢和亚婆[C]聊[C]天。有时在夜里除了亚婆[C]和我[C]以外[BQ，]大家[C]都已[C]经睡觉，我和亚婆[C]在我[C]们[C]小厨房[C]聊[C]一聊[C]。因为我对中国文化、[BC，]风俗和历史[C]很感[C]兴趣[BQ，]我[C]不断地向亚[C]婆[C]问关于这[C]方面的问题。她来到悉[C]尼[C]之前我[C]对中国一知[B石[C]]半[C]解[C],现[C]在我[C]承[C]认,跟[C]亚[C]婆[C]一起生活二十多年[BQ，]我[C]成了{CC是}一个中国通[C]。
    从亚[C]婆[C]的表现、[BC，]行为、[BC，]对别人的态[C]度[L][BQ，]我[C]也学得{CC的}不少。在我[C]一生中我[C]亲[C]爱的亚[C]婆[C]是[C]很[C]重[C]要[C]的[C]一个人，我[C]永远[C]记得她[C]。

                                                       （114F）(150W)
"
1,6,"199605北语.00038100167
      Title [BD《]由“三个和尚没有水喝”想到的……[BC…][BD》]
  中国古代的文学作品{CC2品}非常丰富，包括小说、诗、故事等作品。在这些作品中，我个[B各]人最喜欢的还是故事[C]。为什么呢？因为中国的古代故[B古]事都会包括一定的道德思想{CC方面}。
  “三个和尚没水喝”是这种故事之一。这个故事[C]的内容是谈三个和尚{CJ+zxy的故事[C]}，同时也是讲我们人类存在的一个严重问题。这个问题是我们天天{CJX}在平常的生活中能看到的问题：[BC～]就是说人是没有“为人民服务”的心。真是没有！我们人类，中国也好，外国也好，都存在这个问题。人人都喜欢别人为他们服务，不喜欢为别人服务。这是我们都必须承[B成]认的问题。
  在此，我也必须承[B成]认，我对“三个和尚没有水喝”三个故事不太了解，不知最后这三个和尚是怎么样解[Pjie]决[B觉]他们的问题{CJsd}，但是这个古代故事还让我想起来另外一个[BD、]相同的故事。这故事是在基督教圣经里，[D是]耶苏坐在一个古老的水井边上与一个女人说话。女的是个很大的罪人，天天中午（井没人的时候）来到井{CQ边}打水。耶苏看到她，知道她心里很不安[BQ，]就跟她说：“我能给你活水喝！”。他的意思是：谁信了他{CQ就}能有永生，[BC～]心里不会再苦[D干]了，心里可以有平安喜乐。

                                                                                                                               （148L）(152L)"
1,7,"199610澳大利亚.0000178018012004
代沟[F溝]，这[F這]个问题[F題]已存在很久了。对于保留传统思想而不接受新事物的长[F長]者来说[F説]，跟下一代接触[F觸]的话，那代沟[F溝]问题就肯定存在于两[F兩]者之间。新的一代在接受[C]新的教育方式，而且如今{CC现[F現]今}的科技日渐[F漸]创[F創]新，扩[C]大了他们的视[F視]野，不再局限于环[F環]境的狭[F狹]窄，而可探讨[F討]世界文化之广阔。但亦有问题[F題]产生，他们乐于[F於]接受新事物，亦有可能{CD对于}传[F傳]统的道德观[F覌]念，行为与[C]标[F標]准[F準]不同意{CJX}。这亦发[C]生冲突。故而，我个人认[F認]为，优秀的传[F傳]统文化，是祖上[C]遗留下来的宝贵财[F財]产[F產]，应加以珍惜[C]。但若干不合时[F時]宜的风俗习[F習]惯[F慣]应以摒弃{CC摒[C]除}，接受新的事物，学习和改[C]良，将[C]旧的去伪存真{CC去老[C]存青}，融入新的潮流。那两代人就会比较[F較]容易沟[F溝]通，上一代肯接受与[C]学习[F習]新事物，跟随[F隨]社会的步伐；[BC，]下一代愿[F願]意保留好的，优秀的文化思想，了解上一代的想法，明白他们过下一代的期望，那就不会产[F産]生冲[F衝]突了。[BC，]两[F兩]者之间易於沟[F溝]通，谈[F談]话[F話]时你不会瞠目不知所对。[BC，]父母对待子女要像{CC以}朋友般宽容，对事物{CQ进行}讨[F討]论[F論]要交换{CC互如}意见[F見]，不可{CD对}子女们{CD作出}体罚[F罰]{CJX}，{CJ-zhuy那样}只有令他们更为反感[C]，要给{CC对}他们{CJdp说道理}，要解释[C]。而子女对父母要尊敬。发[C]生什么事情要{CJX}大家一起讨[F討]论[F論]、[BC，]研究，那么[L]大家会更了解。[BC，]若不喜欢父母的论[F論]点，可提出为[F為]什么，解释[F釋]清楚后{CJ-zhuy他们}会明白。

                                                                            (106C)(151Z)"
1,8,"199610澳大利亚.0000168018011015  
    此问题很难解决。两代人之间之所以存在沟通与交流很多困难之问题，原因很多。[BC，]其中很重要的原因之一是生活经验不同。社会的变化是极其快的，每个时代的社会环境也不同，例[B列]如我父亲年轻的时候，澳洲的社会处于混乱[Pluàn]状态，因为全世界的经济很萧[B消]条[B调]，失业者上千上万（在澳洲），老百姓[B性]生活上很困难，甚至饭不够吃。现在的年轻人从未经历过这种历史阶段，因此就很难理解年纪[B记]大的人为什么对职[Pzhí]业那么重视，为什么对家庭[C]那么重视。[BC、]经历过大萧[B消]条[B调]的人均[C]有很清楚的认识，到山穷[Pqong]水尽[B近]的地步时，唯有自己家里人才愿意关[B观]心你，才会愿意心甘[B干]情愿的为你做出一切牺[Pxī]牲[Pshēng]。
    由于上述原因我认为两代人之间的生活态度及价值观很难得到一致[B至]。要想拉近距离{WWJ}

                                                                              (106C)(151Z)
                                                                                                                                                               "
1,9,"199610澳大利亚.00001200001
    代沟[F溝]这[C]一个[F個]问[F問]题[F題]已经[F經]存在着{CJX}{CQ在}很多家庭里[F裡]面，子女跟他们[F們]父母[C]在生活方式、行为[F爲]以及价[F價]值观念上有着不同的意见[F見]。这个[F個]问[F問]题[F題]在现在{CC现[F現]今}的社会[F會]里[F裡]非常普遍。问[F問]题[F題]的存在使很多家庭出现[F現]不同的意见[F見]，虽[F雖]然问[F問]题[F題]并[F並]不是非常严[C]重，但是实[F實]在有必要{CC需要}研究出一个[F個]解决[F決]的方法。
    其实[C]每一个[F個]人都{CC也}有自己不同的意见[F見]，对[F對]同一件事并[F並]不是每個人也抱着同{CD一}样[F樣]的心理及态[F態]度。父母因为[F爲]过[F過]份关[F關]心子女，怕他们[F們]学[F學]坏[F壞]，所以经[F經]常都希望子女听[F聽]从[F從]他们[F們]的{CD说[F說]}话[F話]{CD去做}，把[C]自己主观[F觀]的想法也融入了子女的脑[F腦]中。但是随[B除]着年龄[F齡]的增长{CC成长[F長]}，子女接触[F觸]到更多的外界事物，他们[F們]也开[F開]始拥[F擁]有自己处[F處]事的态[F態]度以及对[F對]事物的看法，而父母就永远[F遠]{CD也}担[F擔]心子女会[F會]学[F學]坏[F壞]，所以经[F經]常给[F給]他们[F們]作主，这[F這]样[F樣]就会[F會]使两[F兩]代之间[F間]出现[F現]磨擦，继[F繼]而产[F産]生代沟[F溝]问[F問]题[F題]。
    子女长[F長]大以后[F後]开[F開]始拥[F擁]有自己的想法及处[F處]事态[F態]度，对[F對]每一件事也希望可以自己作主，这[F這]是一个[F個]正常的现[F現]象。可是他们[F們]必须[F須]知道父母在社会[F會]的经[F經]验[F驗]比他们[F們]多很多，而且父母啰[F囉]唆他们[F們][C]是出自关[F關]心的心态[C]，所以子女们[F們]应[C]该[F該]多听[F聽]父母的意见[F見]。这[F這]并[F並]不是叫[C]他们[F們]不要有{CC1拥[F擁]有}自己对[F對]事物的看法，只是应[F應]该[F該]细[F細]心听[F聽][D解]父母[C]的解释[F釋]，跟着忍[C]住自己的判断[F斷]能力来[F來]分辨事情的好与[C]坏[F壞]。
    要解决代沟[F溝]问[F問]题[F題]，必须[F須]要双[F雙]方面付出{CD的}，父母及子女都{CC也}应[F應]该[F該]抱[C]着谅[F諒]解及关[F關]心的态[F態]度来[F來]解决[C]每一件事情。这[F這]样[F樣]只要大家能互相研究及谅[F諒]解就可以把行为[F爲]方式、生活态[F態]度及价[F價]值观[F觀]念等方面的差别[F別]尽[F盡]量减[F減]少，使代[F溝]问[F問]题[F題]得到解决[C]。

                                                                          (106C)(151Z)
"
1,10,"199610澳大利亚.00001500002
                Title 如何解[F觧]决[F決]“代沟[F溝]”问[F問]题[F題]
  因为[F爲]是时[F時]代的发[C]展，生活环[F環]境社会[F會]的制度以及风[F風]俗习[F習]惯[F慣]上等[C]种种的差別：以致不同年代出世的父母与[C]子女在行[F爲]方式，生活态[F態]度，思想以及价[F價]值观念[C]等[C]多方面都存有{CJ+dy不一致的}差异[F異]。
  首先说[F說]到生活环[F環]境，{CJ+dy在上一辈[F輩]子的}长[F長]辈[F輩]都存着保守的观[F覌]念[C]：他们[F們]都认[F認]为[F爲]上{CC长[F長]}一辈[F輩]的言行都{CJ+sy是}应[F應]该[F該]受到尊重而不允许[F許]晚辈[F輩]作任[C]何的反驳[F駁]。也就是说[F說]：他们[F們]的话[F話]永[C]远[F遠]是对[F對]的，同时[F時]无[F無]论[F論]对[F對]与[C]错[F錯]都不准[C]晚辈[F輩]去反辨[C]，否则[F則]就是无[F無]礼，无[F無]家教，会[F會]受亲[F親]朋的讥[C]笑。然而社会[F會]文明不断[F斷]地进[C]步，不但男女地位平等、[BC；]思[C]想[C]开[C]化以及言论[F論]{CD的}自由，[BC；]使得{CC到}年青一代，尤其受过[F過]文明的教育{CJ-zxy的一代}，开[C]始{CD让[F讓]他们[F們]}有勇气[F氣]站立起来[F來]，为[F爲]真理而辩[F辯]论[F論]，不再一味{CJ+zy盲从[C]地}听[F聽]上一代的无[F無]理由的命令或指使。
  特[C]别生活在西方国[F國]家，父母与[C]子女之间[F間]的代沟[F溝]更为[F爲]显[F顯]著。因为[F爲]西方国[F國]家的思想和行为[F爲]都属于[F於]开[C]放与[C]自由{CJsd}。年青人[L]们有他们[F們]一套{CD的}思想和行为[F爲]方式。故此{CQ作为}长[F長]辈[F輩]的[C]我们[F們]必须[B需]理解[F觧]{CD到}这[F這]一点[F點]，多方面都应[F應]该[F該]和子女有商有量，同时[F時]还[B远[F遠]]需要对[F對]待儿[C]女[C]们[F們]如[C]对[F對]待[C]朋友一番地客气[F氣]，以公平和理由为[F爲]前提{CC先题[F題]}，什么[F麽]事[C]情[C]最好来[F來]个[F個]家庭会[F會]议[C]，以[C]多数的票[C]数作决[F決]定才能合乎{CC合附}现[F現]代父母与[C]子女的要求。

                                                                                 （106C）
"
1,11,"199610澳大利亚.00001400003
Title 如何解决“代沟”问题
    对于[B与]代沟的问题，我认为主要的解决方法是通过两代人的{CJ+dy双方}交流和彼此了解。父母应该多跟孩子们讲话，孩子们也应该听父母的意见和想法。这样上一辈的才能明白现在的青[B轻]年的心理[B里]，他们对世界与社会的看法，也可以了解今天的社会。社会总是在变动，所以老一辈的人不能把今天的晚辈跟自己年轻时作比较。也许有不少父母不同意他们的儿女{CD要}花钱买名牌服装，但穿这样的衣服可以{CC2是}给他们信心。如果孩子们看同学们的衣服比自己的好看，骑的自行车比自己的贵，那就会产生一种自卑[Pbēi]感。所以，上一辈的必须[D现]理解当代的社会[L]，按[B安]现在的生活方式、习惯[BD、]来管[C]孩子。
    当然，责任不都是父母的。晚辈的也许要了解父母所知道的社会，需[B许]要明白父母的管教是因为希望孩子会长成一个有道德、有良心、会负责任的成人。父母的管教并不是因为他们不要孩子玩的好、有{CC过}一个愉快的童年和青年。
    要减少代沟问题必须从两代的双方理解开始。若没有这个，那么两代怎么也解决不了代沟，永远会有误[B无]解和对彼此的不满。

                                                                            (106C)(151Z)"
1,12,"199610澳大利亚.00001300004
                  Title  如何解决代沟[F溝]问[F問]题[F題]
    我认[F認]为[F爲]解决代沟[F溝]问[F問]题[F題]的方法是父母与[F與]子女之间[F間]应[F應]该[F該]多沟[F溝]通，多谈[F談]话[F話]，告诉[F訴]对[F對]方自己对[F對]各方面的想法，这[F這]样[F樣]大家清楚大家的想法，沟[F溝]通便比较[F較]容易。
    但说[F說]时[F時]容易，做[B作]起来{CC上来[F來]}便不是如此容易。代沟[F溝]是两[F兩]代人在行为[F爲]方式，生活态[F態]度以及价[F價]值观[F觀]念等方面存在的差异[F異]。这[F這]些差异[F異]基本是因为[F爲]年龄[F齡]的差别{CC相差}而产[F産]生的。不同年龄[F齡]对[F對]不同的事物的接受程度和理解往往不一样[F樣]，因此出处[F處]理方法也不一样[F樣]。举[F舉]个[F個]例子，就说[F說]穿性感的泳衣吧[C]。泳衣已是普遍{CJX}被接受的游[F遊]泳[C]用品/{CJbei}，但太性感[C]的新款泳[C]衣仍难[F難]被年老[C]一辈[F輩]人所接受。青年人倒无{CC1没有}所谓[F謂]，认[F認]为[F爲]是时[F時]尚和新[C]潮。况[F況]且年青时[F時]体[F體]型大多健美，很多青年人认[F認]为[F爲]应[F應]在年青时[C]快快穿了，因为[F爲]老了穿着{CC得}不好看。父母[C]或老一辈[F輩]的人便不能接受，认[F認]为[F爲]穿得太性感便不是良家妇[F婦]女的行为[F爲]，身体[F體]给[F給]人看到了不太好。
    两[F兩]辈[F輩]人对[F對]事情{CC2事}的态[F態]度不同，各自提出来[F來]又不满[F滿]{CJX}{CQ让}大家，双[C]方都认[F認]为[F爲]自己对[F對]的{CJsd}，对[F對]方太落后[F後]或是不听[C]话[F話]，这[C]样[F樣]产[F産]生的磨擦便是代沟[F溝]。
    这[C]些问[F問]题[F題]是可以解决的，但要双[F雙]方平[C]心静[F靜]气[F氣]的坐下来[F來]谈[F談]，也要大家放开[F開]胸怀[F懷]接受对[F對]方的意[C]见[F見]。长[F長]辈[F輩]不要坚[F堅]持自己是长[F長]辈[F輩]一定是对[F對]{CJsd}。只要大家明白大家的看[C]法才可沟[F溝]通[C]和减[C]少代沟[C]。这[F這]些解决[F決]方法更应[F應]该[F該]从[F從]孩子小的[C]时[F時]候培养[F養]，就是说[F說]，父母在孩子成[C]长[F長]过[F過]程中就[C]应[C]该[F該]和他们[F們]倾[F傾]谈[F談]多{CJX}{CD一些}，了解他们[F們]，与[F與]他们[F們]建立一种[F種]似{CJX}朋友的两[F兩]代关[C]系[C]。那么[F麽]孩子长[F長]大了便不会[F會]太难沟[C]通[C]了。
    最后[F後]，年青[C]人也应[C]尊重老人的[C]意[C]见[F見]{WWJ}

                                                                              (106C)(151Z)                                                                                         
"
1,13,"199610澳大利亚.00001100005
   Title  [BD《]如何解决“代沟”问题[BD》]
    世界变得很快，每天社会都{CC就}不一样[C]{CD了}。这[C]个现[F現]象给{CC对}人和人之间的交流带来很大的困难，一个方面就是所谓“代[C]沟”。如果要解决这个问题，每个人都必[C]须负责任。最重要的是要了解对方，要站在他们的立[B主]场来[F來]看社会，这样才能开始。这是因为代沟是从缺乏了解{CD而}产生的。
    当然，怎么了解对方是不容易决定的。但如果人只知道批评对方，对方就不会尊重{CD其所}批评者。长[F長]辈和晚辈都要停下来{CC一下}[BD，]想一下。想什么呢？要思考对方所了解的世界{CD如何}。这包括他们是何时出生的，历史上发生了哪些[C]事，还要看他们自己的经验，所受的压力，所吃的苦。除了这些之外，还要想对方现在的情况和要求。
    说起来[F來]，好像[B象]很容易，但并[F並]不是。应该说{CD对[C]}一辈[C]{CD的}人要了解另一辈[C]很难。但如果人知道要了解对方的话，那么，{CJ+zhuy那}就是很大的进步。很多人，如果在生活里有代沟{CJX}产生的问题，就立即去怪对方，说对方不了解我[C]。也许是这样，但有两方承认问题跟自己有关，才能开始解决。
  说来[F來]说去，但基本上要作什么呢？长[F長]辈该告诉晚辈他们愿意{CD从事去}解决问题[C]，要更好地{CC的}了解[C]对方。晚辈该说出他们所有的问题[B是]，让长[F長]辈知道他们生活如何。{CQ就}是这么简[C]单。
    如果有机会更好地[C]了解对方的话，就可以开始解决代沟问题。{CJ-zhuy这}是每一个人的问题，每一个人的责任。

                                                                              (106C)(151Z)"
1,14,"199610澳大利亚.00001000006
                      Title  代沟
     今日的社会，{CD由于}旧的观念的存在与新的观念的产生，{CD所以}发生了冲击。我们亦叫它做代沟。严重的时候，甚至搞到家庭分裂。
    为了能尽量把“[BC‘]代沟”[BC’]的影响减少，专家们不时地{CC的}{CQ在}报章与广播{CQ上}发表了不少意见[F見]。也让我凑凑热闹，谈谈我的拙见[F見]。
    ①以身作则，我们到小孩面[C]前，不要跟父母{CD作}正面{CD的}驳斥，事无大小，一定要平心静气好好地商量，以解决问题。
    ②{CP家中的老人，大多要节俭，我们在他们{CC人们}的面[C]前，就不要大手[C]大脚，花钱买东西给小孩而忘记给他们买点东西。甚至[B致]这[C]些东西是他们舍不得买的。P}    
    ③多{CQ向}他们问好，不要只顾疼爱自己的孩子而忘记了他们。
    ④多接纳他们的意见[F見]，即使{CC甚至[B致]}他们的意见[F見]未必是全对全好的。
    ⑤和别人谈话{WWJ}

                                                                      (106C)(151Z)"
1,15,"199610澳大利亚.00000900007
  对于[F於]这个“[BC「]代[C]沟”[BC」]问题，本人认为两[F兩]方必需互相让[F讓]步，“[BC「]代[C]沟”[BC」]问题才能得到解[C]决[F決]。
  所谓“[BC「]互相让[F讓]步”[BC」]，应该怎{CC什}样实行呢？我们必需了解两[F兩]方基本{CD上}的出发点，和两[F兩]方对解决代沟问题的责任。大多数老一辈都希望青年人能够[F夠]走上比老一辈更好的道路。利用多年的经验，他们希望引导[F導]青年的一辈到幸福的将[F將]来。当[F當]青年人长大后，他们希望[L]青年的一代会多孝顺老的一代。
  青年的一代当[F當]然也要幸福快[C]乐。不过他们对“[BC「]幸福快[C]乐”[BC」]的观念与老年人[L]不同。加上他们对社会有不同的看法[C]，代沟因此产生。
  从这个角[C]度来看，老一辈对解决代沟问题有一些责任。他们应该花时间了解年青人的看法和做法，因为年青的一辈的世界观会对[C]老一辈有所帮[F幫]助。他们不应该强[F強]迫[L]青年人跟老一辈看法一致。年青人也要了解老辈的出发点是好{CD心}的。他们的看法可能有些过时{CC过期}，{WWJ}

                                                                              (106C)(151Z)
                                                                                                                                                         "
2,1,"200510上海华东.00021000079
             Title [BD《]我看流行歌曲[BD》]
    流行歌曲现在比较[B效]多年轻人听[BQ，]因为去哪里都会听到音乐在播放。音乐是有分各种类型[B行]的。我比较[B效]喜欢快歌，能让我跳舞的{CJ-zxy歌曲}。
    我父母很不喜欢我听的那种歌。他们说：“现在的歌手都不是在唱歌[BQ，]{CD而}他们都只是在说话或大叫”。我理解{CC懂}我父母的说法[BQ，]因为他们小的时候跟我们现在听得完全不同，所以他们不习惯，[BC、]可我又不想放弃听现代流行的歌曲。
    现代流行的歌曲非常的多。如果喜欢一种歌还可以去买那张CD，之后还能一边{CC路}听一边{CC路}唱。在放假时，我喜欢跟朋友去KTV唱歌。我们喜欢去是因为有流行歌一起唱。老歌都不是很适合我们了。
    我喜欢听英文的流行歌。有时候还会一边{CC路}听，一边{CC路}{CD会}在网上找歌曲的每一个字。如果喜欢这个人唱的歌，还会去买这个人的唱片。
    流行歌现在有越来越多人唱了。现在人们都不只是听歌手唱的歌，而且会看面貌。如果长得好的话，会引起更多人的注意。
    歌是不同种的。就像我父母，[BC、]他们那一代不喜欢我们的这一代。以后我们也有可能不喜欢下一代的歌。

                                                                                     (108L)(151Z)

    "
2,2,"200510香港.000001543801200001
    我始终[F終]是一个年轻[B青]人，所以在现代社会，必定十分喜欢流行歌曲。歌曲，特别是流行的，能减轻[F輕]我的压力，平淡我的愤怒，安慰我。流行歌曲是我生活很大的的部分，在琴上弹曲也让我发挥我的创造{CC创[F創]意}力，消除{CC融化}我的担忧[B悠]。
    很多人，特别{CQ是}年纪比较{CC比够}大的人都认[F認]为流行歌曲毫无[F無]价[F價]值。对他们来说，这些歌曲根本不算是音乐[F樂]。
    其实，我个人也非常爱[F愛]听[F聽]及弹古典音乐。我们现代的社会绝[F絕]不能失去我们的文化历[F曆]史，但流行歌曲也{CQ是}有价[F價]值的。当然，有些歌星和乐队[F隊]嗓子根本不好，唱不出半个音，而只是样子不错[F錯]，但大部分的流行曲真的很好听[F聽]。
    音乐应[F應]该[F該]，跟世上每一件事一样，跟着潮流{CC随流}而变，来适[F適]合现代人的口味。像艺[F藝]术[F術]一样，每个[L]人的喜爱[F愛]都不一样，但每一种音乐都值得欣赏[F賞]欣赏[F賞]。音乐家也可以在{CQ这个}过程中互相切磋。
    另一方面来看，我绝对不赞[F贊]成对歌星着迷{CC迷惑}。我们不应[F應]该[F該]过份重视[F視]歌星，而{CC反而}应[F應]该[F該]注重他的音乐[F樂]，现在的娱乐公司很懂得做。年轻[B青]人全都希望能正常和{CD跟}朋友融洽{CQ交往}。因此、他们的兴趣会融成一片。只要传[F傳]媒做得好，年轻[B青]人都会以为其他人全都喜欢。那推销[F銷]的货[F貨]品就是酷了。
   总[F總]的来说[F說]，我还是十分十分喜欢流行歌曲。它对我的影响实在太大了。我只是希望我们会更加注重音乐，而不是外表或[C]朋友的意见。
    我希望我们每人都能喜欢一些没有人喜欢的音乐[F樂][BQ。]

                                                                                   (137L)(151Z)

                                                                                                                                                                                                                                                          "
2,3,"200510香港.000002543801200002
    流行歌曲不应该受到蔑视，因为它反映[B影]了[L]一个社会的文化。这[F這]些[B此]歌曲代表了[L]现[F現]代的潮流，还表达了[L]听众的心声。流行音乐[L]早已超越[C]音符，而且在很多人的眼里变成了[L]心灵鸡汤。
    现[F現]在在报[F報]纸[B低]上看到什么韩风，什么美风。这[F這]些[B此]潮流风都是来自音乐。八十年代的歌曲或歌手全都在听众的耳边消失了[L]。在收音机里，大多数[F數]听到的是流行歌曲。所以，这[F這]些歌曲就代表时代潮流{CC时流}的变化，一个新潮流[L]的开[F開]始。
    很多{CQ对}社会的[L]埋怨都{CJX}现在会写在流行歌曲的歌词里。作词人不满什么就会在词里表达出来。虽然很多社会里有言论[F論]自由，可是很多人都喜欢用歌曲代表心声。除了写关[F關]于社会，很多抒情歌曲也变成人民的心灵鸡汤，陪着人民哭，还{CQ给他们}带来了[L]安慰。
    流行歌曲是我们[F們]{CD的}文化的重要{CD的}部分[B份]。它对很多人都产[F產]生了{WWJ}

                                                                                     (137L)(151Z)

                                                                                                                                                                                                                           "
2,4,"200510香港.000002543801200002
    流行歌曲不应该受到蔑视，因为它反映[B影]了[L]一个社会的文化。这[F這]些[B此]歌曲代表了[L]现[F現]代的潮流，还表达了[L]听众的心声。流行音乐[L]早已超越[C]音符，而且在很多人的眼里变成了[L]心灵鸡汤。
    现[F現]在在报[F報]纸[B低]上看到什么韩风，什么美风。这[F這]些[B此]潮流风都是来自音乐。八十年代的歌曲或歌手全都在听众的耳边消失了[L]。在收音机里，大多数[F數]听到的是流行歌曲。所以，这[F這]些歌曲就代表时代潮流{CC时流}的变化，一个新潮流[L]的开[F開]始。
    很多{CQ对}社会的[L]埋怨都{CJX}现在会写在流行歌曲的歌词里。作词人不满什么就会在词里表达出来。虽然很多社会里有言论[F論]自由，可是很多人都喜欢用歌曲代表心声。除了写关[F關]于社会，很多抒情歌曲也变成人民的心灵鸡汤，陪着人民哭，还{CQ给他们}带来了[L]安慰。
    流行歌曲是我们[F們]{CD的}文化的重要{CD的}部分[B份]。它对很多人都产[F產]生了{WWJ}

                                                                                     (137L)(151Z)

                                                                                                                                                                                                                           "
2,5,
2,6,
2,7,
2,8,
2,9,
2,10,
2,11,
2,12,
2,13,
2,14,
2,15,
3,1,"200510上海华东.00021000079
             Title [BD《]我看流行歌曲[BD》]
    流行歌曲现在比较[B效]多年轻人听[BQ，]因为去哪里都会听到音乐在播放。音乐是有分各种类型[B行]的。我比较[B效]喜欢快歌，能让我跳舞的{CJ-zxy歌曲}。
    我父母很不喜欢我听的那种歌。他们说：“现在的歌手都不是在唱歌[BQ，]{CD而}他们都只是在说话或大叫”。我理解{CC懂}我父母的说法[BQ，]因为他们小的时候跟我们现在听得完全不同，所以他们不习惯，[BC、]可我又不想放弃听现代流行的歌曲。
    现代流行的歌曲非常的多。如果喜欢一种歌还可以去买那张CD，之后还能一边{CC路}听一边{CC路}唱。在放假时，我喜欢跟朋友去KTV唱歌。我们喜欢去是因为有流行歌一起唱。老歌都不是很适合我们了。
    我喜欢听英文的流行歌。有时候还会一边{CC路}听，一边{CC路}{CD会}在网上找歌曲的每一个字。如果喜欢这个人唱的歌，还会去买这个人的唱片。
    流行歌现在有越来越多人唱了。现在人们都不只是听歌手唱的歌，而且会看面貌。如果长得好的话，会引起更多人的注意。
    歌是不同种的。就像我父母，[BC、]他们那一代不喜欢我们的这一代。以后我们也有可能不喜欢下一代的歌。

                                                                                     (108L)(151Z)

    "
3,2,"200510香港.000001543801200001
    我始终[F終]是一个年轻[B青]人，所以在现代社会，必定十分喜欢流行歌曲。歌曲，特别是流行的，能减轻[F輕]我的压力，平淡我的愤怒，安慰我。流行歌曲是我生活很大的的部分，在琴上弹曲也让我发挥我的创造{CC创[F創]意}力，消除{CC融化}我的担忧[B悠]。
    很多人，特别{CQ是}年纪比较{CC比够}大的人都认[F認]为流行歌曲毫无[F無]价[F價]值。对他们来说，这些歌曲根本不算是音乐[F樂]。
    其实，我个人也非常爱[F愛]听[F聽]及弹古典音乐。我们现代的社会绝[F絕]不能失去我们的文化历[F曆]史，但流行歌曲也{CQ是}有价[F價]值的。当然，有些歌星和乐队[F隊]嗓子根本不好，唱不出半个音，而只是样子不错[F錯]，但大部分的流行曲真的很好听[F聽]。
    音乐应[F應]该[F該]，跟世上每一件事一样，跟着潮流{CC随流}而变，来适[F適]合现代人的口味。像艺[F藝]术[F術]一样，每个[L]人的喜爱[F愛]都不一样，但每一种音乐都值得欣赏[F賞]欣赏[F賞]。音乐家也可以在{CQ这个}过程中互相切磋。
    另一方面来看，我绝对不赞[F贊]成对歌星着迷{CC迷惑}。我们不应[F應]该[F該]过份重视[F視]歌星，而{CC反而}应[F應]该[F該]注重他的音乐[F樂]，现在的娱乐公司很懂得做。年轻[B青]人全都希望能正常和{CD跟}朋友融洽{CQ交往}。因此、他们的兴趣会融成一片。只要传[F傳]媒做得好，年轻[B青]人都会以为其他人全都喜欢。那推销[F銷]的货[F貨]品就是酷了。
   总[F總]的来说[F說]，我还是十分十分喜欢流行歌曲。它对我的影响实在太大了。我只是希望我们会更加注重音乐，而不是外表或[C]朋友的意见。
    我希望我们每人都能喜欢一些没有人喜欢的音乐[F樂][BQ。]

                                                                                   (137L)(151Z)

                                                                                                                                                                                                                                                          "
3,3,"200510香港.000002543801200002
    流行歌曲不应该受到蔑视，因为它反映[B影]了[L]一个社会的文化。这[F這]些[B此]歌曲代表了[L]现[F現]代的潮流，还表达了[L]听众的心声。流行音乐[L]早已超越[C]音符，而且在很多人的眼里变成了[L]心灵鸡汤。
    现[F現]在在报[F報]纸[B低]上看到什么韩风，什么美风。这[F這]些[B此]潮流风都是来自音乐。八十年代的歌曲或歌手全都在听众的耳边消失了[L]。在收音机里，大多数[F數]听到的是流行歌曲。所以，这[F這]些歌曲就代表时代潮流{CC时流}的变化，一个新潮流[L]的开[F開]始。
    很多{CQ对}社会的[L]埋怨都{CJX}现在会写在流行歌曲的歌词里。作词人不满什么就会在词里表达出来。虽然很多社会里有言论[F論]自由，可是很多人都喜欢用歌曲代表心声。除了写关[F關]于社会，很多抒情歌曲也变成人民的心灵鸡汤，陪着人民哭，还{CQ给他们}带来了[L]安慰。
    流行歌曲是我们[F們]{CD的}文化的重要{CD的}部分[B份]。它对很多人都产[F產]生了{WWJ}

                                                                                     (137L)(151Z)

                                                                                                                                                                                                                           "
3,4,"200510香港.000002543801200002
    流行歌曲不应该受到蔑视，因为它反映[B影]了[L]一个社会的文化。这[F這]些[B此]歌曲代表了[L]现[F現]代的潮流，还表达了[L]听众的心声。流行音乐[L]早已超越[C]音符，而且在很多人的眼里变成了[L]心灵鸡汤。
    现[F現]在在报[F報]纸[B低]上看到什么韩风，什么美风。这[F這]些[B此]潮流风都是来自音乐。八十年代的歌曲或歌手全都在听众的耳边消失了[L]。在收音机里，大多数[F數]听到的是流行歌曲。所以，这[F這]些歌曲就代表时代潮流{CC时流}的变化，一个新潮流[L]的开[F開]始。
    很多{CQ对}社会的[L]埋怨都{CJX}现在会写在流行歌曲的歌词里。作词人不满什么就会在词里表达出来。虽然很多社会里有言论[F論]自由，可是很多人都喜欢用歌曲代表心声。除了写关[F關]于社会，很多抒情歌曲也变成人民的心灵鸡汤，陪着人民哭，还{CQ给他们}带来了[L]安慰。
    流行歌曲是我们[F們]{CD的}文化的重要{CD的}部分[B份]。它对很多人都产[F產]生了{WWJ}

                                                                                     (137L)(151Z)

                                                                                                                                                                                                                           "
3,5,
3,6,
3,7,
3,8,
3,9,
3,10,
3,11,
3,12,
3,13,
3,14,
3,15,
4,1,"200510上海华东.00021000079
             Title [BD《]我看流行歌曲[BD》]
    流行歌曲现在比较[B效]多年轻人听[BQ，]因为去哪里都会听到音乐在播放。音乐是有分各种类型[B行]的。我比较[B效]喜欢快歌，能让我跳舞的{CJ-zxy歌曲}。
    我父母很不喜欢我听的那种歌。他们说：“现在的歌手都不是在唱歌[BQ，]{CD而}他们都只是在说话或大叫”。我理解{CC懂}我父母的说法[BQ，]因为他们小的时候跟我们现在听得完全不同，所以他们不习惯，[BC、]可我又不想放弃听现代流行的歌曲。
    现代流行的歌曲非常的多。如果喜欢一种歌还可以去买那张CD，之后还能一边{CC路}听一边{CC路}唱。在放假时，我喜欢跟朋友去KTV唱歌。我们喜欢去是因为有流行歌一起唱。老歌都不是很适合我们了。
    我喜欢听英文的流行歌。有时候还会一边{CC路}听，一边{CC路}{CD会}在网上找歌曲的每一个字。如果喜欢这个人唱的歌，还会去买这个人的唱片。
    流行歌现在有越来越多人唱了。现在人们都不只是听歌手唱的歌，而且会看面貌。如果长得好的话，会引起更多人的注意。
    歌是不同种的。就像我父母，[BC、]他们那一代不喜欢我们的这一代。以后我们也有可能不喜欢下一代的歌。

                                                                                     (108L)(151Z)

    "
4,2,"200510香港.000001543801200001
    我始终[F終]是一个年轻[B青]人，所以在现代社会，必定十分喜欢流行歌曲。歌曲，特别是流行的，能减轻[F輕]我的压力，平淡我的愤怒，安慰我。流行歌曲是我生活很大的的部分，在琴上弹曲也让我发挥我的创造{CC创[F創]意}力，消除{CC融化}我的担忧[B悠]。
    很多人，特别{CQ是}年纪比较{CC比够}大的人都认[F認]为流行歌曲毫无[F無]价[F價]值。对他们来说，这些歌曲根本不算是音乐[F樂]。
    其实，我个人也非常爱[F愛]听[F聽]及弹古典音乐。我们现代的社会绝[F絕]不能失去我们的文化历[F曆]史，但流行歌曲也{CQ是}有价[F價]值的。当然，有些歌星和乐队[F隊]嗓子根本不好，唱不出半个音，而只是样子不错[F錯]，但大部分的流行曲真的很好听[F聽]。
    音乐应[F應]该[F該]，跟世上每一件事一样，跟着潮流{CC随流}而变，来适[F適]合现代人的口味。像艺[F藝]术[F術]一样，每个[L]人的喜爱[F愛]都不一样，但每一种音乐都值得欣赏[F賞]欣赏[F賞]。音乐家也可以在{CQ这个}过程中互相切磋。
    另一方面来看，我绝对不赞[F贊]成对歌星着迷{CC迷惑}。我们不应[F應]该[F該]过份重视[F視]歌星，而{CC反而}应[F應]该[F該]注重他的音乐[F樂]，现在的娱乐公司很懂得做。年轻[B青]人全都希望能正常和{CD跟}朋友融洽{CQ交往}。因此、他们的兴趣会融成一片。只要传[F傳]媒做得好，年轻[B青]人都会以为其他人全都喜欢。那推销[F銷]的货[F貨]品就是酷了。
   总[F總]的来说[F說]，我还是十分十分喜欢流行歌曲。它对我的影响实在太大了。我只是希望我们会更加注重音乐，而不是外表或[C]朋友的意见。
    我希望我们每人都能喜欢一些没有人喜欢的音乐[F樂][BQ。]

                                                                                   (137L)(151Z)

                                                                                                                                                                                                                                                          "
4,3,"200510香港.000002543801200002
    流行歌曲不应该受到蔑视，因为它反映[B影]了[L]一个社会的文化。这[F這]些[B此]歌曲代表了[L]现[F現]代的潮流，还表达了[L]听众的心声。流行音乐[L]早已超越[C]音符，而且在很多人的眼里变成了[L]心灵鸡汤。
    现[F現]在在报[F報]纸[B低]上看到什么韩风，什么美风。这[F這]些[B此]潮流风都是来自音乐。八十年代的歌曲或歌手全都在听众的耳边消失了[L]。在收音机里，大多数[F數]听到的是流行歌曲。所以，这[F這]些歌曲就代表时代潮流{CC时流}的变化，一个新潮流[L]的开[F開]始。
    很多{CQ对}社会的[L]埋怨都{CJX}现在会写在流行歌曲的歌词里。作词人不满什么就会在词里表达出来。虽然很多社会里有言论[F論]自由，可是很多人都喜欢用歌曲代表心声。除了写关[F關]于社会，很多抒情歌曲也变成人民的心灵鸡汤，陪着人民哭，还{CQ给他们}带来了[L]安慰。
    流行歌曲是我们[F們]{CD的}文化的重要{CD的}部分[B份]。它对很多人都产[F產]生了{WWJ}

                                                                                     (137L)(151Z)

                                                                                                                                                                                                                           "
4,4,"200510香港.000002543801200002
    流行歌曲不应该受到蔑视，因为它反映[B影]了[L]一个社会的文化。这[F這]些[B此]歌曲代表了[L]现[F現]代的潮流，还表达了[L]听众的心声。流行音乐[L]早已超越[C]音符，而且在很多人的眼里变成了[L]心灵鸡汤。
    现[F現]在在报[F報]纸[B低]上看到什么韩风，什么美风。这[F這]些[B此]潮流风都是来自音乐。八十年代的歌曲或歌手全都在听众的耳边消失了[L]。在收音机里，大多数[F數]听到的是流行歌曲。所以，这[F這]些歌曲就代表时代潮流{CC时流}的变化，一个新潮流[L]的开[F開]始。
    很多{CQ对}社会的[L]埋怨都{CJX}现在会写在流行歌曲的歌词里。作词人不满什么就会在词里表达出来。虽然很多社会里有言论[F論]自由，可是很多人都喜欢用歌曲代表心声。除了写关[F關]于社会，很多抒情歌曲也变成人民的心灵鸡汤，陪着人民哭，还{CQ给他们}带来了[L]安慰。
    流行歌曲是我们[F們]{CD的}文化的重要{CD的}部分[B份]。它对很多人都产[F產]生了{WWJ}

                                                                                     (137L)(151Z)

                                                                                                                                                                                                                           "
4,5,
4,6,
4,7,
4,8,
4,9,
4,10,
4,11,
4,12,
4,13,
4,14,
4,15,
5,1,"200510上海华东.00021000079
             Title [BD《]我看流行歌曲[BD》]
    流行歌曲现在比较[B效]多年轻人听[BQ，]因为去哪里都会听到音乐在播放。音乐是有分各种类型[B行]的。我比较[B效]喜欢快歌，能让我跳舞的{CJ-zxy歌曲}。
    我父母很不喜欢我听的那种歌。他们说：“现在的歌手都不是在唱歌[BQ，]{CD而}他们都只是在说话或大叫”。我理解{CC懂}我父母的说法[BQ，]因为他们小的时候跟我们现在听得完全不同，所以他们不习惯，[BC、]可我又不想放弃听现代流行的歌曲。
    现代流行的歌曲非常的多。如果喜欢一种歌还可以去买那张CD，之后还能一边{CC路}听一边{CC路}唱。在放假时，我喜欢跟朋友去KTV唱歌。我们喜欢去是因为有流行歌一起唱。老歌都不是很适合我们了。
    我喜欢听英文的流行歌。有时候还会一边{CC路}听，一边{CC路}{CD会}在网上找歌曲的每一个字。如果喜欢这个人唱的歌，还会去买这个人的唱片。
    流行歌现在有越来越多人唱了。现在人们都不只是听歌手唱的歌，而且会看面貌。如果长得好的话，会引起更多人的注意。
    歌是不同种的。就像我父母，[BC、]他们那一代不喜欢我们的这一代。以后我们也有可能不喜欢下一代的歌。

                                                                                     (108L)(151Z)

    "
5,2,"200510香港.000001543801200001
    我始终[F終]是一个年轻[B青]人，所以在现代社会，必定十分喜欢流行歌曲。歌曲，特别是流行的，能减轻[F輕]我的压力，平淡我的愤怒，安慰我。流行歌曲是我生活很大的的部分，在琴上弹曲也让我发挥我的创造{CC创[F創]意}力，消除{CC融化}我的担忧[B悠]。
    很多人，特别{CQ是}年纪比较{CC比够}大的人都认[F認]为流行歌曲毫无[F無]价[F價]值。对他们来说，这些歌曲根本不算是音乐[F樂]。
    其实，我个人也非常爱[F愛]听[F聽]及弹古典音乐。我们现代的社会绝[F絕]不能失去我们的文化历[F曆]史，但流行歌曲也{CQ是}有价[F價]值的。当然，有些歌星和乐队[F隊]嗓子根本不好，唱不出半个音，而只是样子不错[F錯]，但大部分的流行曲真的很好听[F聽]。
    音乐应[F應]该[F該]，跟世上每一件事一样，跟着潮流{CC随流}而变，来适[F適]合现代人的口味。像艺[F藝]术[F術]一样，每个[L]人的喜爱[F愛]都不一样，但每一种音乐都值得欣赏[F賞]欣赏[F賞]。音乐家也可以在{CQ这个}过程中互相切磋。
    另一方面来看，我绝对不赞[F贊]成对歌星着迷{CC迷惑}。我们不应[F應]该[F該]过份重视[F視]歌星，而{CC反而}应[F應]该[F該]注重他的音乐[F樂]，现在的娱乐公司很懂得做。年轻[B青]人全都希望能正常和{CD跟}朋友融洽{CQ交往}。因此、他们的兴趣会融成一片。只要传[F傳]媒做得好，年轻[B青]人都会以为其他人全都喜欢。那推销[F銷]的货[F貨]品就是酷了。
   总[F總]的来说[F說]，我还是十分十分喜欢流行歌曲。它对我的影响实在太大了。我只是希望我们会更加注重音乐，而不是外表或[C]朋友的意见。
    我希望我们每人都能喜欢一些没有人喜欢的音乐[F樂][BQ。]

                                                                                   (137L)(151Z)

                                                                                                                                                                                                                                                          "
5,3,"200510香港.000002543801200002
    流行歌曲不应该受到蔑视，因为它反映[B影]了[L]一个社会的文化。这[F這]些[B此]歌曲代表了[L]现[F現]代的潮流，还表达了[L]听众的心声。流行音乐[L]早已超越[C]音符，而且在很多人的眼里变成了[L]心灵鸡汤。
    现[F現]在在报[F報]纸[B低]上看到什么韩风，什么美风。这[F這]些[B此]潮流风都是来自音乐。八十年代的歌曲或歌手全都在听众的耳边消失了[L]。在收音机里，大多数[F數]听到的是流行歌曲。所以，这[F這]些歌曲就代表时代潮流{CC时流}的变化，一个新潮流[L]的开[F開]始。
    很多{CQ对}社会的[L]埋怨都{CJX}现在会写在流行歌曲的歌词里。作词人不满什么就会在词里表达出来。虽然很多社会里有言论[F論]自由，可是很多人都喜欢用歌曲代表心声。除了写关[F關]于社会，很多抒情歌曲也变成人民的心灵鸡汤，陪着人民哭，还{CQ给他们}带来了[L]安慰。
    流行歌曲是我们[F們]{CD的}文化的重要{CD的}部分[B份]。它对很多人都产[F產]生了{WWJ}

                                                                                     (137L)(151Z)

                                                                                                                                                                                                                           "
5,4,"200510香港.000002543801200002
    流行歌曲不应该受到蔑视，因为它反映[B影]了[L]一个社会的文化。这[F這]些[B此]歌曲代表了[L]现[F現]代的潮流，还表达了[L]听众的心声。流行音乐[L]早已超越[C]音符，而且在很多人的眼里变成了[L]心灵鸡汤。
    现[F現]在在报[F報]纸[B低]上看到什么韩风，什么美风。这[F這]些[B此]潮流风都是来自音乐。八十年代的歌曲或歌手全都在听众的耳边消失了[L]。在收音机里，大多数[F數]听到的是流行歌曲。所以，这[F這]些歌曲就代表时代潮流{CC时流}的变化，一个新潮流[L]的开[F開]始。
    很多{CQ对}社会的[L]埋怨都{CJX}现在会写在流行歌曲的歌词里。作词人不满什么就会在词里表达出来。虽然很多社会里有言论[F論]自由，可是很多人都喜欢用歌曲代表心声。除了写关[F關]于社会，很多抒情歌曲也变成人民的心灵鸡汤，陪着人民哭，还{CQ给他们}带来了[L]安慰。
    流行歌曲是我们[F們]{CD的}文化的重要{CD的}部分[B份]。它对很多人都产[F產]生了{WWJ}

                                                                                     (137L)(151Z)

                                                                                                                                                                                                                           "
5,5,
5,6,
5,7,
5,8,
5,9,
5,10,
5,11,
5,12,
5,13,
5,14,
5,15,
6,1,"200510上海华东.00021000079
             Title [BD《]我看流行歌曲[BD》]
    流行歌曲现在比较[B效]多年轻人听[BQ，]因为去哪里都会听到音乐在播放。音乐是有分各种类型[B行]的。我比较[B效]喜欢快歌，能让我跳舞的{CJ-zxy歌曲}。
    我父母很不喜欢我听的那种歌。他们说：“现在的歌手都不是在唱歌[BQ，]{CD而}他们都只是在说话或大叫”。我理解{CC懂}我父母的说法[BQ，]因为他们小的时候跟我们现在听得完全不同，所以他们不习惯，[BC、]可我又不想放弃听现代流行的歌曲。
    现代流行的歌曲非常的多。如果喜欢一种歌还可以去买那张CD，之后还能一边{CC路}听一边{CC路}唱。在放假时，我喜欢跟朋友去KTV唱歌。我们喜欢去是因为有流行歌一起唱。老歌都不是很适合我们了。
    我喜欢听英文的流行歌。有时候还会一边{CC路}听，一边{CC路}{CD会}在网上找歌曲的每一个字。如果喜欢这个人唱的歌，还会去买这个人的唱片。
    流行歌现在有越来越多人唱了。现在人们都不只是听歌手唱的歌，而且会看面貌。如果长得好的话，会引起更多人的注意。
    歌是不同种的。就像我父母，[BC、]他们那一代不喜欢我们的这一代。以后我们也有可能不喜欢下一代的歌。

                                                                                     (108L)(151Z)

    "
6,2,"200510香港.000001543801200001
    我始终[F終]是一个年轻[B青]人，所以在现代社会，必定十分喜欢流行歌曲。歌曲，特别是流行的，能减轻[F輕]我的压力，平淡我的愤怒，安慰我。流行歌曲是我生活很大的的部分，在琴上弹曲也让我发挥我的创造{CC创[F創]意}力，消除{CC融化}我的担忧[B悠]。
    很多人，特别{CQ是}年纪比较{CC比够}大的人都认[F認]为流行歌曲毫无[F無]价[F價]值。对他们来说，这些歌曲根本不算是音乐[F樂]。
    其实，我个人也非常爱[F愛]听[F聽]及弹古典音乐。我们现代的社会绝[F絕]不能失去我们的文化历[F曆]史，但流行歌曲也{CQ是}有价[F價]值的。当然，有些歌星和乐队[F隊]嗓子根本不好，唱不出半个音，而只是样子不错[F錯]，但大部分的流行曲真的很好听[F聽]。
    音乐应[F應]该[F該]，跟世上每一件事一样，跟着潮流{CC随流}而变，来适[F適]合现代人的口味。像艺[F藝]术[F術]一样，每个[L]人的喜爱[F愛]都不一样，但每一种音乐都值得欣赏[F賞]欣赏[F賞]。音乐家也可以在{CQ这个}过程中互相切磋。
    另一方面来看，我绝对不赞[F贊]成对歌星着迷{CC迷惑}。我们不应[F應]该[F該]过份重视[F視]歌星，而{CC反而}应[F應]该[F該]注重他的音乐[F樂]，现在的娱乐公司很懂得做。年轻[B青]人全都希望能正常和{CD跟}朋友融洽{CQ交往}。因此、他们的兴趣会融成一片。只要传[F傳]媒做得好，年轻[B青]人都会以为其他人全都喜欢。那推销[F銷]的货[F貨]品就是酷了。
   总[F總]的来说[F說]，我还是十分十分喜欢流行歌曲。它对我的影响实在太大了。我只是希望我们会更加注重音乐，而不是外表或[C]朋友的意见。
    我希望我们每人都能喜欢一些没有人喜欢的音乐[F樂][BQ。]

                                                                                   (137L)(151Z)

                                                                                                                                                                                                                                                          "
6,3,"200510香港.000002543801200002
    流行歌曲不应该受到蔑视，因为它反映[B影]了[L]一个社会的文化。这[F這]些[B此]歌曲代表了[L]现[F現]代的潮流，还表达了[L]听众的心声。流行音乐[L]早已超越[C]音符，而且在很多人的眼里变成了[L]心灵鸡汤。
    现[F現]在在报[F報]纸[B低]上看到什么韩风，什么美风。这[F這]些[B此]潮流风都是来自音乐。八十年代的歌曲或歌手全都在听众的耳边消失了[L]。在收音机里，大多数[F數]听到的是流行歌曲。所以，这[F這]些歌曲就代表时代潮流{CC时流}的变化，一个新潮流[L]的开[F開]始。
    很多{CQ对}社会的[L]埋怨都{CJX}现在会写在流行歌曲的歌词里。作词人不满什么就会在词里表达出来。虽然很多社会里有言论[F論]自由，可是很多人都喜欢用歌曲代表心声。除了写关[F關]于社会，很多抒情歌曲也变成人民的心灵鸡汤，陪着人民哭，还{CQ给他们}带来了[L]安慰。
    流行歌曲是我们[F們]{CD的}文化的重要{CD的}部分[B份]。它对很多人都产[F產]生了{WWJ}

                                                                                     (137L)(151Z)

                                                                                                                                                                                                                           "
6,4,"200510香港.000002543801200002
    流行歌曲不应该受到蔑视，因为它反映[B影]了[L]一个社会的文化。这[F這]些[B此]歌曲代表了[L]现[F現]代的潮流，还表达了[L]听众的心声。流行音乐[L]早已超越[C]音符，而且在很多人的眼里变成了[L]心灵鸡汤。
    现[F現]在在报[F報]纸[B低]上看到什么韩风，什么美风。这[F這]些[B此]潮流风都是来自音乐。八十年代的歌曲或歌手全都在听众的耳边消失了[L]。在收音机里，大多数[F數]听到的是流行歌曲。所以，这[F這]些歌曲就代表时代潮流{CC时流}的变化，一个新潮流[L]的开[F開]始。
    很多{CQ对}社会的[L]埋怨都{CJX}现在会写在流行歌曲的歌词里。作词人不满什么就会在词里表达出来。虽然很多社会里有言论[F論]自由，可是很多人都喜欢用歌曲代表心声。除了写关[F關]于社会，很多抒情歌曲也变成人民的心灵鸡汤，陪着人民哭，还{CQ给他们}带来了[L]安慰。
    流行歌曲是我们[F們]{CD的}文化的重要{CD的}部分[B份]。它对很多人都产[F產]生了{WWJ}

                                                                                     (137L)(151Z)

                                                                                                                                                                                                                           "
6,5,
6,6,
6,7,
6,8,
6,9,
6,10,
6,11,
6,12,
6,13,
6,14,
6,15,
7,1,"200510上海华东.00021000079
             Title [BD《]我看流行歌曲[BD》]
    流行歌曲现在比较[B效]多年轻人听[BQ，]因为去哪里都会听到音乐在播放。音乐是有分各种类型[B行]的。我比较[B效]喜欢快歌，能让我跳舞的{CJ-zxy歌曲}。
    我父母很不喜欢我听的那种歌。他们说：“现在的歌手都不是在唱歌[BQ，]{CD而}他们都只是在说话或大叫”。我理解{CC懂}我父母的说法[BQ，]因为他们小的时候跟我们现在听得完全不同，所以他们不习惯，[BC、]可我又不想放弃听现代流行的歌曲。
    现代流行的歌曲非常的多。如果喜欢一种歌还可以去买那张CD，之后还能一边{CC路}听一边{CC路}唱。在放假时，我喜欢跟朋友去KTV唱歌。我们喜欢去是因为有流行歌一起唱。老歌都不是很适合我们了。
    我喜欢听英文的流行歌。有时候还会一边{CC路}听，一边{CC路}{CD会}在网上找歌曲的每一个字。如果喜欢这个人唱的歌，还会去买这个人的唱片。
    流行歌现在有越来越多人唱了。现在人们都不只是听歌手唱的歌，而且会看面貌。如果长得好的话，会引起更多人的注意。
    歌是不同种的。就像我父母，[BC、]他们那一代不喜欢我们的这一代。以后我们也有可能不喜欢下一代的歌。

                                                                                     (108L)(151Z)

    "
7,2,"200510香港.000001543801200001
    我始终[F終]是一个年轻[B青]人，所以在现代社会，必定十分喜欢流行歌曲。歌曲，特别是流行的，能减轻[F輕]我的压力，平淡我的愤怒，安慰我。流行歌曲是我生活很大的的部分，在琴上弹曲也让我发挥我的创造{CC创[F創]意}力，消除{CC融化}我的担忧[B悠]。
    很多人，特别{CQ是}年纪比较{CC比够}大的人都认[F認]为流行歌曲毫无[F無]价[F價]值。对他们来说，这些歌曲根本不算是音乐[F樂]。
    其实，我个人也非常爱[F愛]听[F聽]及弹古典音乐。我们现代的社会绝[F絕]不能失去我们的文化历[F曆]史，但流行歌曲也{CQ是}有价[F價]值的。当然，有些歌星和乐队[F隊]嗓子根本不好，唱不出半个音，而只是样子不错[F錯]，但大部分的流行曲真的很好听[F聽]。
    音乐应[F應]该[F該]，跟世上每一件事一样，跟着潮流{CC随流}而变，来适[F適]合现代人的口味。像艺[F藝]术[F術]一样，每个[L]人的喜爱[F愛]都不一样，但每一种音乐都值得欣赏[F賞]欣赏[F賞]。音乐家也可以在{CQ这个}过程中互相切磋。
    另一方面来看，我绝对不赞[F贊]成对歌星着迷{CC迷惑}。我们不应[F應]该[F該]过份重视[F視]歌星，而{CC反而}应[F應]该[F該]注重他的音乐[F樂]，现在的娱乐公司很懂得做。年轻[B青]人全都希望能正常和{CD跟}朋友融洽{CQ交往}。因此、他们的兴趣会融成一片。只要传[F傳]媒做得好，年轻[B青]人都会以为其他人全都喜欢。那推销[F銷]的货[F貨]品就是酷了。
   总[F總]的来说[F說]，我还是十分十分喜欢流行歌曲。它对我的影响实在太大了。我只是希望我们会更加注重音乐，而不是外表或[C]朋友的意见。
    我希望我们每人都能喜欢一些没有人喜欢的音乐[F樂][BQ。]

                                                                                   (137L)(151Z)

                                                                                                                                                                                                                                                          "
7,3,"200510香港.000002543801200002
    流行歌曲不应该受到蔑视，因为它反映[B影]了[L]一个社会的文化。这[F這]些[B此]歌曲代表了[L]现[F現]代的潮流，还表达了[L]听众的心声。流行音乐[L]早已超越[C]音符，而且在很多人的眼里变成了[L]心灵鸡汤。
    现[F現]在在报[F報]纸[B低]上看到什么韩风，什么美风。这[F這]些[B此]潮流风都是来自音乐。八十年代的歌曲或歌手全都在听众的耳边消失了[L]。在收音机里，大多数[F數]听到的是流行歌曲。所以，这[F這]些歌曲就代表时代潮流{CC时流}的变化，一个新潮流[L]的开[F開]始。
    很多{CQ对}社会的[L]埋怨都{CJX}现在会写在流行歌曲的歌词里。作词人不满什么就会在词里表达出来。虽然很多社会里有言论[F論]自由，可是很多人都喜欢用歌曲代表心声。除了写关[F關]于社会，很多抒情歌曲也变成人民的心灵鸡汤，陪着人民哭，还{CQ给他们}带来了[L]安慰。
    流行歌曲是我们[F們]{CD的}文化的重要{CD的}部分[B份]。它对很多人都产[F產]生了{WWJ}

                                                                                     (137L)(151Z)

                                                                                                                                                                                                                           "
7,4,"200510香港.000002543801200002
    流行歌曲不应该受到蔑视，因为它反映[B影]了[L]一个社会的文化。这[F這]些[B此]歌曲代表了[L]现[F現]代的潮流，还表达了[L]听众的心声。流行音乐[L]早已超越[C]音符，而且在很多人的眼里变成了[L]心灵鸡汤。
    现[F現]在在报[F報]纸[B低]上看到什么韩风，什么美风。这[F這]些[B此]潮流风都是来自音乐。八十年代的歌曲或歌手全都在听众的耳边消失了[L]。在收音机里，大多数[F數]听到的是流行歌曲。所以，这[F這]些歌曲就代表时代潮流{CC时流}的变化，一个新潮流[L]的开[F開]始。
    很多{CQ对}社会的[L]埋怨都{CJX}现在会写在流行歌曲的歌词里。作词人不满什么就会在词里表达出来。虽然很多社会里有言论[F論]自由，可是很多人都喜欢用歌曲代表心声。除了写关[F關]于社会，很多抒情歌曲也变成人民的心灵鸡汤，陪着人民哭，还{CQ给他们}带来了[L]安慰。
    流行歌曲是我们[F們]{CD的}文化的重要{CD的}部分[B份]。它对很多人都产[F產]生了{WWJ}

                                                                                     (137L)(151Z)

                                                                                                                                                                                                                           "
7,5,
7,6,
7,7,
7,8,
7,9,
7,10,
7,11,
7,12,
7,13,
7,14,
7,15,
8,1,"200510上海华东.00021000079
             Title [BD《]我看流行歌曲[BD》]
    流行歌曲现在比较[B效]多年轻人听[BQ，]因为去哪里都会听到音乐在播放。音乐是有分各种类型[B行]的。我比较[B效]喜欢快歌，能让我跳舞的{CJ-zxy歌曲}。
    我父母很不喜欢我听的那种歌。他们说：“现在的歌手都不是在唱歌[BQ，]{CD而}他们都只是在说话或大叫”。我理解{CC懂}我父母的说法[BQ，]因为他们小的时候跟我们现在听得完全不同，所以他们不习惯，[BC、]可我又不想放弃听现代流行的歌曲。
    现代流行的歌曲非常的多。如果喜欢一种歌还可以去买那张CD，之后还能一边{CC路}听一边{CC路}唱。在放假时，我喜欢跟朋友去KTV唱歌。我们喜欢去是因为有流行歌一起唱。老歌都不是很适合我们了。
    我喜欢听英文的流行歌。有时候还会一边{CC路}听，一边{CC路}{CD会}在网上找歌曲的每一个字。如果喜欢这个人唱的歌，还会去买这个人的唱片。
    流行歌现在有越来越多人唱了。现在人们都不只是听歌手唱的歌，而且会看面貌。如果长得好的话，会引起更多人的注意。
    歌是不同种的。就像我父母，[BC、]他们那一代不喜欢我们的这一代。以后我们也有可能不喜欢下一代的歌。

                                                                                     (108L)(151Z)

    "
8,2,"200510香港.000001543801200001
    我始终[F終]是一个年轻[B青]人，所以在现代社会，必定十分喜欢流行歌曲。歌曲，特别是流行的，能减轻[F輕]我的压力，平淡我的愤怒，安慰我。流行歌曲是我生活很大的的部分，在琴上弹曲也让我发挥我的创造{CC创[F創]意}力，消除{CC融化}我的担忧[B悠]。
    很多人，特别{CQ是}年纪比较{CC比够}大的人都认[F認]为流行歌曲毫无[F無]价[F價]值。对他们来说，这些歌曲根本不算是音乐[F樂]。
    其实，我个人也非常爱[F愛]听[F聽]及弹古典音乐。我们现代的社会绝[F絕]不能失去我们的文化历[F曆]史，但流行歌曲也{CQ是}有价[F價]值的。当然，有些歌星和乐队[F隊]嗓子根本不好，唱不出半个音，而只是样子不错[F錯]，但大部分的流行曲真的很好听[F聽]。
    音乐应[F應]该[F該]，跟世上每一件事一样，跟着潮流{CC随流}而变，来适[F適]合现代人的口味。像艺[F藝]术[F術]一样，每个[L]人的喜爱[F愛]都不一样，但每一种音乐都值得欣赏[F賞]欣赏[F賞]。音乐家也可以在{CQ这个}过程中互相切磋。
    另一方面来看，我绝对不赞[F贊]成对歌星着迷{CC迷惑}。我们不应[F應]该[F該]过份重视[F視]歌星，而{CC反而}应[F應]该[F該]注重他的音乐[F樂]，现在的娱乐公司很懂得做。年轻[B青]人全都希望能正常和{CD跟}朋友融洽{CQ交往}。因此、他们的兴趣会融成一片。只要传[F傳]媒做得好，年轻[B青]人都会以为其他人全都喜欢。那推销[F銷]的货[F貨]品就是酷了。
   总[F總]的来说[F說]，我还是十分十分喜欢流行歌曲。它对我的影响实在太大了。我只是希望我们会更加注重音乐，而不是外表或[C]朋友的意见。
    我希望我们每人都能喜欢一些没有人喜欢的音乐[F樂][BQ。]

                                                                                   (137L)(151Z)

                                                                                                                                                                                                                                                          "
8,3,"200510香港.000002543801200002
    流行歌曲不应该受到蔑视，因为它反映[B影]了[L]一个社会的文化。这[F這]些[B此]歌曲代表了[L]现[F現]代的潮流，还表达了[L]听众的心声。流行音乐[L]早已超越[C]音符，而且在很多人的眼里变成了[L]心灵鸡汤。
    现[F現]在在报[F報]纸[B低]上看到什么韩风，什么美风。这[F這]些[B此]潮流风都是来自音乐。八十年代的歌曲或歌手全都在听众的耳边消失了[L]。在收音机里，大多数[F數]听到的是流行歌曲。所以，这[F這]些歌曲就代表时代潮流{CC时流}的变化，一个新潮流[L]的开[F開]始。
    很多{CQ对}社会的[L]埋怨都{CJX}现在会写在流行歌曲的歌词里。作词人不满什么就会在词里表达出来。虽然很多社会里有言论[F論]自由，可是很多人都喜欢用歌曲代表心声。除了写关[F關]于社会，很多抒情歌曲也变成人民的心灵鸡汤，陪着人民哭，还{CQ给他们}带来了[L]安慰。
    流行歌曲是我们[F們]{CD的}文化的重要{CD的}部分[B份]。它对很多人都产[F產]生了{WWJ}

                                                                                     (137L)(151Z)

                                                                                                                                                                                                                           "
8,4,"200510香港.000002543801200002
    流行歌曲不应该受到蔑视，因为它反映[B影]了[L]一个社会的文化。这[F這]些[B此]歌曲代表了[L]现[F現]代的潮流，还表达了[L]听众的心声。流行音乐[L]早已超越[C]音符，而且在很多人的眼里变成了[L]心灵鸡汤。
    现[F現]在在报[F報]纸[B低]上看到什么韩风，什么美风。这[F這]些[B此]潮流风都是来自音乐。八十年代的歌曲或歌手全都在听众的耳边消失了[L]。在收音机里，大多数[F數]听到的是流行歌曲。所以，这[F這]些歌曲就代表时代潮流{CC时流}的变化，一个新潮流[L]的开[F開]始。
    很多{CQ对}社会的[L]埋怨都{CJX}现在会写在流行歌曲的歌词里。作词人不满什么就会在词里表达出来。虽然很多社会里有言论[F論]自由，可是很多人都喜欢用歌曲代表心声。除了写关[F關]于社会，很多抒情歌曲也变成人民的心灵鸡汤，陪着人民哭，还{CQ给他们}带来了[L]安慰。
    流行歌曲是我们[F們]{CD的}文化的重要{CD的}部分[B份]。它对很多人都产[F產]生了{WWJ}

                                                                                     (137L)(151Z)

                                                                                                                                                                                                                           "
8,5,
8,6,
8,7,
8,8,
8,9,
8,10,
8,11,
8,12,
8,13,
8,14,
8,15,
9,1,"200510上海华东.00021000079
             Title [BD《]我看流行歌曲[BD》]
    流行歌曲现在比较[B效]多年轻人听[BQ，]因为去哪里都会听到音乐在播放。音乐是有分各种类型[B行]的。我比较[B效]喜欢快歌，能让我跳舞的{CJ-zxy歌曲}。
    我父母很不喜欢我听的那种歌。他们说：“现在的歌手都不是在唱歌[BQ，]{CD而}他们都只是在说话或大叫”。我理解{CC懂}我父母的说法[BQ，]因为他们小的时候跟我们现在听得完全不同，所以他们不习惯，[BC、]可我又不想放弃听现代流行的歌曲。
    现代流行的歌曲非常的多。如果喜欢一种歌还可以去买那张CD，之后还能一边{CC路}听一边{CC路}唱。在放假时，我喜欢跟朋友去KTV唱歌。我们喜欢去是因为有流行歌一起唱。老歌都不是很适合我们了。
    我喜欢听英文的流行歌。有时候还会一边{CC路}听，一边{CC路}{CD会}在网上找歌曲的每一个字。如果喜欢这个人唱的歌，还会去买这个人的唱片。
    流行歌现在有越来越多人唱了。现在人们都不只是听歌手唱的歌，而且会看面貌。如果长得好的话，会引起更多人的注意。
    歌是不同种的。就像我父母，[BC、]他们那一代不喜欢我们的这一代。以后我们也有可能不喜欢下一代的歌。

                                                                                     (108L)(151Z)

    "
9,2,"200510香港.000001543801200001
    我始终[F終]是一个年轻[B青]人，所以在现代社会，必定十分喜欢流行歌曲。歌曲，特别是流行的，能减轻[F輕]我的压力，平淡我的愤怒，安慰我。流行歌曲是我生活很大的的部分，在琴上弹曲也让我发挥我的创造{CC创[F創]意}力，消除{CC融化}我的担忧[B悠]。
    很多人，特别{CQ是}年纪比较{CC比够}大的人都认[F認]为流行歌曲毫无[F無]价[F價]值。对他们来说，这些歌曲根本不算是音乐[F樂]。
    其实，我个人也非常爱[F愛]听[F聽]及弹古典音乐。我们现代的社会绝[F絕]不能失去我们的文化历[F曆]史，但流行歌曲也{CQ是}有价[F價]值的。当然，有些歌星和乐队[F隊]嗓子根本不好，唱不出半个音，而只是样子不错[F錯]，但大部分的流行曲真的很好听[F聽]。
    音乐应[F應]该[F該]，跟世上每一件事一样，跟着潮流{CC随流}而变，来适[F適]合现代人的口味。像艺[F藝]术[F術]一样，每个[L]人的喜爱[F愛]都不一样，但每一种音乐都值得欣赏[F賞]欣赏[F賞]。音乐家也可以在{CQ这个}过程中互相切磋。
    另一方面来看，我绝对不赞[F贊]成对歌星着迷{CC迷惑}。我们不应[F應]该[F該]过份重视[F視]歌星，而{CC反而}应[F應]该[F該]注重他的音乐[F樂]，现在的娱乐公司很懂得做。年轻[B青]人全都希望能正常和{CD跟}朋友融洽{CQ交往}。因此、他们的兴趣会融成一片。只要传[F傳]媒做得好，年轻[B青]人都会以为其他人全都喜欢。那推销[F銷]的货[F貨]品就是酷了。
   总[F總]的来说[F說]，我还是十分十分喜欢流行歌曲。它对我的影响实在太大了。我只是希望我们会更加注重音乐，而不是外表或[C]朋友的意见。
    我希望我们每人都能喜欢一些没有人喜欢的音乐[F樂][BQ。]

                                                                                   (137L)(151Z)

                                                                                                                                                                                                                                                          "
9,3,"200510香港.000002543801200002
    流行歌曲不应该受到蔑视，因为它反映[B影]了[L]一个社会的文化。这[F這]些[B此]歌曲代表了[L]现[F現]代的潮流，还表达了[L]听众的心声。流行音乐[L]早已超越[C]音符，而且在很多人的眼里变成了[L]心灵鸡汤。
    现[F現]在在报[F報]纸[B低]上看到什么韩风，什么美风。这[F這]些[B此]潮流风都是来自音乐。八十年代的歌曲或歌手全都在听众的耳边消失了[L]。在收音机里，大多数[F數]听到的是流行歌曲。所以，这[F這]些歌曲就代表时代潮流{CC时流}的变化，一个新潮流[L]的开[F開]始。
    很多{CQ对}社会的[L]埋怨都{CJX}现在会写在流行歌曲的歌词里。作词人不满什么就会在词里表达出来。虽然很多社会里有言论[F論]自由，可是很多人都喜欢用歌曲代表心声。除了写关[F關]于社会，很多抒情歌曲也变成人民的心灵鸡汤，陪着人民哭，还{CQ给他们}带来了[L]安慰。
    流行歌曲是我们[F們]{CD的}文化的重要{CD的}部分[B份]。它对很多人都产[F產]生了{WWJ}

                                                                                     (137L)(151Z)

                                                                                                                                                                                                                           "
9,4,"200510香港.000002543801200002
    流行歌曲不应该受到蔑视，因为它反映[B影]了[L]一个社会的文化。这[F這]些[B此]歌曲代表了[L]现[F現]代的潮流，还表达了[L]听众的心声。流行音乐[L]早已超越[C]音符，而且在很多人的眼里变成了[L]心灵鸡汤。
    现[F現]在在报[F報]纸[B低]上看到什么韩风，什么美风。这[F這]些[B此]潮流风都是来自音乐。八十年代的歌曲或歌手全都在听众的耳边消失了[L]。在收音机里，大多数[F數]听到的是流行歌曲。所以，这[F這]些歌曲就代表时代潮流{CC时流}的变化，一个新潮流[L]的开[F開]始。
    很多{CQ对}社会的[L]埋怨都{CJX}现在会写在流行歌曲的歌词里。作词人不满什么就会在词里表达出来。虽然很多社会里有言论[F論]自由，可是很多人都喜欢用歌曲代表心声。除了写关[F關]于社会，很多抒情歌曲也变成人民的心灵鸡汤，陪着人民哭，还{CQ给他们}带来了[L]安慰。
    流行歌曲是我们[F們]{CD的}文化的重要{CD的}部分[B份]。它对很多人都产[F產]生了{WWJ}

                                                                                     (137L)(151Z)

                                                                                                                                                                                                                           "
9,5,
9,6,
9,7,
9,8,
9,9,
9,10,
9,11,
9,12,
9,13,
9,14,
9,15,
